{
  "generated_at_utc": "2026-03-13T20:55:41.445581+00:00",
  "script": "G:\\Mi unidad\\CO\\IA\\MCP Juan\\dashboard.py",
  "iterations": 6,
  "drop_first": 1,
  "records": {
    "overview": [
      {
        "main:overview:render_page": 1748.578800004907,
        "render_exec:section:trend_chart": 1615.9367999935057,
        "main:prewarm:cross_view": 905.4559999931371,
        "main:load_daily_df": 197.2795000037877,
        "main:render_sidebar": 187.1476999949664,
        "render_exec:section:top_pieces": 102.66580000461545,
        "main:overview:load_datasets": 40.077600002405234,
        "render_exec:section:device_breakdown": 18.92089999455493,
        "main:load_tenants": 10.226400001556613,
        "main:load_dashboard_settings": 9.672500003944151,
        "render_exec:section:kpis": 3.9468999893870205,
        "render_exec:section:audit_table": 3.8864999951329082,
        "main:render_top_filters": 3.7518000026466325,
        "main:report_cache_signature": 2.980399993248284,
        "main:load_users": 2.318300001206808,
        "render_exec:section:funnel_ga4": 1.9955999887315556,
        "main:apply_theme": 1.6965999966487288,
        "main:prepare_range_frames": 1.550200002384372,
        "main:overview:section:daily_fact": 1.101999994716607,
        "render_exec:kpi_payload": 0.7631999906152487,
        "main:overview:render_coco": 0.003999986802227795
      },
      {
        "main:overview:render_page": 62.46269999246579,
        "render_exec:section:device_breakdown": 24.061900010565296,
        "render_exec:section:trend_chart": 19.534499995643273,
        "main:overview:load_datasets": 10.02459999290295,
        "main:render_sidebar": 8.738499993341975,
        "main:load_tenants": 6.571299993083812,
        "render_exec:section:kpis": 5.696599997463636,
        "render_exec:section:top_pieces": 5.6640999973751605,
        "render_exec:section:audit_table": 4.509700011112727,
        "main:load_dashboard_settings": 4.111200003535487,
        "main:report_cache_signature": 3.7428000068757683,
        "main:load_daily_df": 3.65070000407286,
        "main:load_users": 3.1805000035092235,
        "main:render_top_filters": 3.178500002832152,
        "main:prewarm:cross_view": 3.110200006631203,
        "main:apply_theme": 2.3828999983379617,
        "render_exec:section:funnel_ga4": 1.9117000047117472,
        "main:overview:section:daily_fact": 1.4336999884108081,
        "main:prepare_range_frames": 0.7807999936630949,
        "render_exec:kpi_payload": 0.6397999968612567,
        "main:overview:render_coco": 0.003600012860260904
      },
      {
        "main:overview:render_page": 55.83240000123624,
        "render_exec:section:trend_chart": 20.29970000148751,
        "render_exec:section:device_breakdown": 17.456000001402572,
        "main:render_sidebar": 8.178299991413951,
        "main:overview:load_datasets": 7.611900000483729,
        "render_exec:section:top_pieces": 6.753699999535456,
        "main:load_tenants": 5.4004000121494755,
        "render_exec:section:audit_table": 3.817799995886162,
        "main:render_top_filters": 3.758699996978976,
        "main:load_dashboard_settings": 3.6263000074541196,
        "render_exec:section:kpis": 3.5929000005126,
        "main:load_daily_df": 3.2528000010643154,
        "main:report_cache_signature": 3.1907000084174797,
        "render_exec:section:funnel_ga4": 2.8501000051619485,
        "main:load_users": 2.7261000068392605,
        "main:apply_theme": 1.6385000053560361,
        "main:overview:section:daily_fact": 1.066600001649931,
        "main:prewarm:cross_view": 1.024700002744794,
        "main:prepare_range_frames": 0.7645000005140901,
        "render_exec:kpi_payload": 0.5896999937249348,
        "main:overview:render_coco": 0.0043000036384910345
      },
      {
        "main:overview:render_page": 56.18139999569394,
        "render_exec:section:trend_chart": 20.645900003728457,
        "render_exec:section:device_breakdown": 17.530400000396185,
        "main:overview:load_datasets": 10.14529999520164,
        "main:render_sidebar": 7.970599996042438,
        "render_exec:section:top_pieces": 5.743700006860308,
        "main:load_tenants": 5.082599993329495,
        "render_exec:section:kpis": 4.7122000105446205,
        "render_exec:section:audit_table": 4.1016000031959265,
        "main:load_dashboard_settings": 3.558500000508502,
        "main:report_cache_signature": 2.824099996360019,
        "main:render_top_filters": 2.812700011418201,
        "main:load_users": 2.6541999977780506,
        "main:load_daily_df": 2.311500007635914,
        "render_exec:section:funnel_ga4": 2.221100003225729,
        "main:apply_theme": 1.9195000058971345,
        "main:prewarm:cross_view": 1.6879000031622127,
        "main:overview:section:daily_fact": 1.3763000024482608,
        "main:prepare_range_frames": 0.941099991905503,
        "render_exec:kpi_payload": 0.79340000229422,
        "main:overview:render_coco": 0.0039000005926936865
      },
      {
        "main:overview:render_page": 55.77679999987595,
        "render_exec:section:trend_chart": 19.02680000057444,
        "render_exec:section:device_breakdown": 18.352899991441518,
        "main:render_sidebar": 8.503199991537258,
        "main:load_tenants": 8.421699996688403,
        "main:overview:load_datasets": 7.162199995946139,
        "render_exec:section:top_pieces": 6.145499995909631,
        "main:load_dashboard_settings": 4.375100004835986,
        "render_exec:section:kpis": 4.150299995671958,
        "render_exec:section:audit_table": 3.720299995620735,
        "main:report_cache_signature": 3.426800001761876,
        "main:load_daily_df": 2.9057999927317724,
        "main:render_top_filters": 2.879700012272224,
        "main:load_users": 2.169799990952015,
        "render_exec:section:funnel_ga4": 2.0382000075187534,
        "main:apply_theme": 1.9180999952368438,
        "render_exec:kpi_payload": 1.7595999961486086,
        "main:overview:section:daily_fact": 1.1652999965008348,
        "main:prewarm:cross_view": 1.0511000000406057,
        "main:prepare_range_frames": 0.6170999986352399,
        "main:overview:render_coco": 0.0032999960239976645
      },
      {
        "main:overview:render_page": 56.567099993117154,
        "render_exec:section:trend_chart": 21.736900001997128,
        "render_exec:section:device_breakdown": 16.960299995844252,
        "main:render_sidebar": 9.732499995152466,
        "main:overview:load_datasets": 7.859599994844757,
        "main:load_tenants": 6.806599994888529,
        "render_exec:section:top_pieces": 5.348300008336082,
        "render_exec:section:audit_table": 4.971399990608916,
        "main:load_dashboard_settings": 4.315800004405901,
        "render_exec:section:kpis": 3.8332999974954873,
        "main:report_cache_signature": 3.6173999978927895,
        "main:render_top_filters": 3.074599997489713,
        "main:load_users": 2.9823999939253554,
        "main:load_daily_df": 2.613999997265637,
        "render_exec:section:funnel_ga4": 2.4978000001283363,
        "main:apply_theme": 1.5602999919792637,
        "main:prepare_range_frames": 0.9585999941918999,
        "main:overview:section:daily_fact": 0.9532999974908307,
        "main:prewarm:cross_view": 0.9054999973159283,
        "render_exec:kpi_payload": 0.7757999992463738,
        "main:overview:render_coco": 0.0040000013541430235
      }
    ],
    "traffic": [
      {
        "main:traffic:render_page": 401.78309999464545,
        "render_traffic:section:channels": 393.55030001024716,
        "main:render_sidebar": 8.651299998746254,
        "main:load_tenants": 5.9554999897954985,
        "main:load_dashboard_settings": 3.7678999942727387,
        "main:report_cache_signature": 3.0420999974012375,
        "main:load_daily_df": 2.992399997310713,
        "main:render_top_filters": 2.959800011012703,
        "main:load_users": 2.6830999995581806,
        "render_traffic:section:top_pages": 2.454300003591925,